Workbook
Name framesystem: [1]Sheet3!$B$39:$B$45

Sheet Video & Instruction 
B14: qLearnify is an educational platform dedicated to the professional development of engineers and architects.
C17: Website: | E17: https://qlearnify.com/
C18: Facebook: | E18: https://www.facebook.com/qlearnify
C19: Youtube (Bangla): | E19: https://www.youtube.com/@qlearnify-bn
C20: Youtube (English): | E20: https://www.youtube.com/@qlearnify-en
C21: WhatsApp: | E21: https://wa.me/8801511250108
C22: LinkedIn: | E22: https://www.linkedin.com/company/qlearnify/
B24: Note: This Excel sheet has been created for educational purposes; please validate it according to your own standards before using it for professional work.
A34: Bangla: | B34: https://youtube.com/playlist?list=PLxle8F-wJI7P43K0GljphED4I5TRXu6Zx&si=el-Lrxm5mB1Vmgcf
A36: English: | B36: https://youtube.com/playlist?list=PLTscI_CLWNfB_1x6_7zylwLZWo7mKypCq&si=QzFh_rJa61GU0YNW

Sheet Story Drift X
F1: EX 1 Direction | Q1: EX 2 Direction
F2: Cd | G2: 5.5 | H2: I | I2: 1 | J2: ∆a = | K2: 0.02 | Q2: Cd | R2: =G2 -> 5.5 | S2: I | T2: =I2 -> 1 | U2: ∆a = | V2: =K2 -> 0.02
B3: Story | C3: H(M) | D3: H(m) | F3: Elastic Displacement(mm) | G3: Amplified Displacement | H3: Story Drift | I3: Allowable | J3: Check | M3: Story | N3: H(M) | O3: H | Q3: Elastic Displacement(mm) | R3: Amplified Displacement | S3: Story Drift | T3: Allowable | U3: Check
F4: δ | G4: ∆m | H4: ∆i | I4: ∆a | Q4: δ | R4: ∆m | S4: ∆i | T4: ∆a
A5: 1 | B5: Story9.TR | C5: 3000 | D5: 3.048 | F5: 56.115762 | G5: =IF(F5="","",(F5*$G$2/$I$2)) -> 308.63669 | H5: =IF(F5="","",G5-G6) -> 25.207787 | I5: =IF(F5="","",$K$2*D5*1000) -> 60.96 | J5: =IF(F5="","",IF(H5<=I5,"Safe","Unsafe")) -> Safe | M5: =IF(B5="","",B5) -> Story9.TR | N5: 3.2 | O5: =IF(D5="","",D5) -> 3.048 | R5: =IF(Q5="","",(Q5*$G$2/$I$2)) | S5: =IF(Q5="","",R5-R6) | T5: =IF(Q5="","",$K$2*O5*1000) | U5: =IF(Q5="","",IF(S5<=T5,"Safe","Unsafe"))
A6: 2 | B6: Story8.Roof | C6: 3000 | D6: 3.048 | F6: 51.532528 | G6: =IF(F6="","",(F6*$G$2/$I$2)) -> 283.4289 | H6: =IF(F6="","",G6-G7) -> 29.442892 | I6: =IF(F6="","",$K$2*D6*1000) -> 60.96 | J6: =IF(F6="","",IF(H6<=I6,"Safe","Unsafe")) -> Safe | M6: =IF(B6="","",B6) -> Story8.Roof | N6: 3.2 | O6: =IF(D6="","",D6) -> 3.048 | R6: =IF(Q6="","",(Q6*$G$2/$I$2)) | S6: =IF(Q6="","",R6-R7) | T6: =IF(Q6="","",$K$2*O6*1000) | U6: =IF(Q6="","",IF(S6<=T6,"Safe","Unsafe"))
A7: 3 | B7: Story7 | C7: 3000 | D7: 3.048 | F7: 46.179275 | G7: =IF(F7="","",(F7*$G$2/$I$2)) -> 253.98601 | H7: =IF(F7="","",G7-G8) -> 33.413924 | I7: =IF(F7="","",$K$2*D7*1000) -> 60.96 | J7: =IF(F7="","",IF(H7<=I7,"Safe","Unsafe")) -> Safe | M7: =IF(B7="","",B7) -> Story7 | N7: 3.2 | O7: =IF(D7="","",D7) -> 3.048 | R7: =IF(Q7="","",(Q7*$G$2/$I$2)) | S7: =IF(Q7="","",R7-R8) | T7: =IF(Q7="","",$K$2*O7*1000) | U7: =IF(Q7="","",IF(S7<=T7,"Safe","Unsafe"))
A8: 4 | B8: Story6 | C8: 3000 | D8: 3.048 | F8: 40.104016 | G8: =IF(F8="","",(F8*$G$2/$I$2)) -> 220.57209 | H8: =IF(F8="","",G8-G9) -> 37.010028 | I8: =IF(F8="","",$K$2*D8*1000) -> 60.96 | J8: =IF(F8="","",IF(H8<=I8,"Safe","Unsafe")) -> Safe | M8: =IF(B8="","",B8) -> Story6 | N8: 3.2 | O8: =IF(D8="","",D8) -> 3.048 | R8: =IF(Q8="","",(Q8*$G$2/$I$2)) | S8: =IF(Q8="","",R8-R9) | T8: =IF(Q8="","",$K$2*O8*1000) | U8: =IF(Q8="","",IF(S8<=T8,"Safe","Unsafe"))
A9: 5 | B9: Story5 | C9: 3000 | D9: 3.048 | F9: 33.37492 | G9: =IF(F9="","",(F9*$G$2/$I$2)) -> 183.56206 | H9: =IF(F9="","",G9-G10) -> 39.442761 | I9: =IF(F9="","",$K$2*D9*1000) -> 60.96 | J9: =IF(F9="","",IF(H9<=I9,"Safe","Unsafe")) -> Safe | M9: =IF(B9="","",B9) -> Story5 | N9: 3.2 | O9: =IF(D9="","",D9) -> 3.048 | R9: =IF(Q9="","",(Q9*$G$2/$I$2)) | S9: =IF(Q9="","",R9-R10) | T9: =IF(Q9="","",$K$2*O9*1000) | U9: =IF(Q9="","",IF(S9<=T9,"Safe","Unsafe"))
A10: 6 | B10: Story4 | C10: 3000 | D10: 3.048 | F10: 26.203509 | G10: =IF(F10="","",(F10*$G$2/$I$2)) -> 144.1193 | H10: =IF(F10="","",G10-G11) -> 40.19906 | I10: =IF(F10="","",$K$2*D10*1000) -> 60.96 | J10: =IF(F10="","",IF(H10<=I10,"Safe","Unsafe")) -> Safe | M10: =IF(B10="","",B10) -> Story4 | N10: 3.2 | O10: =IF(D10="","",D10) -> 3.048 | R10: =IF(Q10="","",(Q10*$G$2/$I$2)) | S10: =IF(Q10="","",R10-R11) | T10: =IF(Q10="","",$K$2*O10*1000) | U10: =IF(Q10="","",IF(S10<=T10,"Safe","Unsafe"))
A11: 7 | B11: Story3 | C11: 3000 | D11: 3.048 | F11: 18.894589 | G11: =IF(F11="","",(F11*$G$2/$I$2)) -> 103.92024 | H11: =IF(F11="","",G11-G12) -> 38.804304 | I11: =IF(F11="","",$K$2*D11*1000) -> 60.96 | J11: =IF(F11="","",IF(H11<=I11,"Safe","Unsafe")) -> Safe | M11: =IF(B11="","",B11) -> Story3 | N11: 3.2 | O11: =IF(D11="","",D11) -> 3.048 | R11: =IF(Q11="","",(Q11*$G$2/$I$2)) | S11: =IF(Q11="","",R11-R12) | T11: =IF(Q11="","",$K$2*O11*1000) | U11: =IF(Q11="","",IF(S11<=T11,"Safe","Unsafe"))
A12: 8 | B12: Story2 | C12: 3000 | D12: 3.048 | F12: 11.839261 | G12: =IF(F12="","",(F12*$G$2/$I$2)) -> 65.115936 | H12: =IF(F12="","",G12-G13) -> 34.498024 | I12: =IF(F12="","",$K$2*D12*1000) -> 60.96 | J12: =IF(F12="","",IF(H12<=I12,"Safe","Unsafe")) -> Safe | M12: =IF(B12="","",B12) -> Story2 | N12: 3.2 | O12: =IF(D12="","",D12) -> 3.048 | R12: =IF(Q12="","",(Q12*$G$2/$I$2)) | S12: =IF(Q12="","",R12-R13) | T12: =IF(Q12="","",$K$2*O12*1000) | U12: =IF(Q12="","",IF(S12<=T12,"Safe","Unsafe"))
A13: 9 | B13: Story1 | C13: 3000 | D13: 3.3528 | F13: 5.566893 | G13: =IF(F13="","",(F13*$G$2/$I$2)) -> 30.617912 | H13: =IF(F13="","",G13-G14) -> -7.9728495 | I13: =IF(F13="","",$K$2*D13*1000) -> 67.056 | J13: =IF(F13="","",IF(H13<=I13,"Safe","Unsafe")) -> Safe | M13: =IF(B13="","",B13) -> Story1 | N13: 3.2 | O13: =IF(D13="","",D13) -> 3.3528 | R13: =IF(Q13="","",(Q13*$G$2/$I$2)) | S13: =IF(Q13="","",R13-R14) | T13: =IF(Q13="","",$K$2*O13*1000) | U13: =IF(Q13="","",IF(S13<=T13,"Safe","Unsafe"))
A14: 10 | B14: GB | C14: 3000 | D14: 1.524 | F14: 7.016502 | G14: =IF(F14="","",(F14*$G$2/$I$2)) -> 38.590761 | H14: =IF(F14="","",G14-G15) -> #VALUE! | I14: =IF(F14="","",$K$2*D14*1000) -> 30.48 | J14: =IF(F14="","",IF(H14<=I14,"Safe","Unsafe")) -> #VALUE! | M14: =IF(B14="","",B14) -> GB | N14: 3.2 | O14: =IF(D14="","",D14) -> 1.524 | R14: =IF(Q14="","",(Q14*$G$2/$I$2)) | S14: =IF(Q14="","",R14-R15) | T14: =IF(Q14="","",$K$2*O14*1000) | U14: =IF(Q14="","",IF(S14<=T14,"Safe","Unsafe"))
A15: 11 | C15: 3000 | G15: =IF(F15="","",(F15*$G$2/$I$2)) | H15: =IF(F15="","",G15-G16) | I15: =IF(F15="","",$K$2*D15*1000) | J15: =IF(F15="","",IF(H15<=I15,"Safe","Unsafe")) | M15: =IF(B15="","",B15) | N15: 3.2 | O15: =IF(D15="","",D15) | R15: =IF(Q15="","",(Q15*$G$2/$I$2)) | S15: =IF(Q15="","",R15-R16) | T15: =IF(Q15="","",$K$2*O15*1000) | U15: =IF(Q15="","",IF(S15<=T15,"Safe","Unsafe"))
A16: 12 | G16: =IF(F16="","",(F16*$G$2/$I$2)) | H16: =IF(F16="","",G16-G17) | I16: =IF(F16="","",$K$2*D16*1000) | J16: =IF(F16="","",IF(H16<=I16,"Safe","Unsafe")) | M16: =IF(B16="","",B16) | N16: 3.2 | O16: =IF(D16="","",D16) | R16: =IF(Q16="","",(Q16*$G$2/$I$2)) | S16: =IF(Q16="","",R16-R17) | T16: =IF(Q16="","",$K$2*O16*1000) | U16: =IF(Q16="","",IF(S16<=T16,"Safe","Unsafe"))
A17: 13 | G17: =IF(F17="","",(F17*$G$2/$I$2)) | H17: =IF(F17="","",G17-G18) | I17: =IF(F17="","",$K$2*D17*1000) | J17: =IF(F17="","",IF(H17<=I17,"Safe","Unsafe")) | M17: =IF(B17="","",B17) | N17: 3.2 | O17: =IF(D17="","",D17) | R17: =IF(Q17="","",(Q17*$G$2/$I$2)) | S17: =IF(Q17="","",R17-R18) | T17: =IF(Q17="","",$K$2*O17*1000) | U17: =IF(Q17="","",IF(S17<=T17,"Safe","Unsafe"))
A18: 14 | G18: =IF(F18="","",(F18*$G$2/$I$2)) | H18: =IF(F18="","",G18-G19) | I18: =IF(F18="","",$K$2*D18*1000) | J18: =IF(F18="","",IF(H18<=I18,"Safe","Unsafe")) | M18: =IF(B18="","",B18) | N18: 3.2 | O18: =IF(D18="","",D18) | R18: =IF(Q18="","",(Q18*$G$2/$I$2)) | S18: =IF(Q18="","",R18-R19) | T18: =IF(Q18="","",$K$2*O18*1000) | U18: =IF(Q18="","",IF(S18<=T18,"Safe","Unsafe"))
A19: 15 | G19: =IF(F19="","",(F19*$G$2/$I$2)) | H19: =IF(F19="","",G19-G20) | I19: =IF(F19="","",$K$2*D19*1000) | J19: =IF(F19="","",IF(H19<=I19,"Safe","Unsafe")) | M19: =IF(B19="","",B19) | N19: 3.2 | O19: =IF(D19="","",D19) | R19: =IF(Q19="","",(Q19*$G$2/$I$2)) | S19: =IF(Q19="","",R19-R20) | T19: =IF(Q19="","",$K$2*O19*1000) | U19: =IF(Q19="","",IF(S19<=T19,"Safe","Unsafe"))
A20: 16 | G20: =IF(F20="","",(F20*$G$2/$I$2)) | H20: =IF(F20="","",G20-G21) | I20: =IF(F20="","",$K$2*D20*1000) | J20: =IF(F20="","",IF(H20<=I20,"Safe","Unsafe")) | M20: =IF(B20="","",B20) | N20: 3.2 | O20: =IF(D20="","",D20) | R20: =IF(Q20="","",(Q20*$G$2/$I$2)) | S20: =IF(Q20="","",R20-R21) | T20: =IF(Q20="","",$K$2*O20*1000) | U20: =IF(Q20="","",IF(S20<=T20,"Safe","Unsafe"))
A21: 17 | G21: =IF(F21="","",(F21*$G$2/$I$2)) | H21: =IF(F21="","",G21-G22) | I21: =IF(F21="","",$K$2*D21*1000) | J21: =IF(F21="","",IF(H21<=I21,"Safe","Unsafe")) | M21: =IF(B21="","",B21) | N21: 3.2 | O21: =IF(D21="","",D21) | R21: =IF(Q21="","",(Q21*$G$2/$I$2)) | S21: =IF(Q21="","",R21-R22) | T21: =IF(Q21="","",$K$2*O21*1000) | U21: =IF(Q21="","",IF(S21<=T21,"Safe","Unsafe"))
A22: 18 | G22: =IF(F22="","",(F22*$G$2/$I$2)) | H22: =IF(F22="","",G22-G23) | I22: =IF(F22="","",$K$2*D22*1000) | J22: =IF(F22="","",IF(H22<=I22,"Safe","Unsafe")) | M22: =IF(B22="","",B22) | N22: 3.2 | O22: =IF(D22="","",D22) | R22: =IF(Q22="","",(Q22*$G$2/$I$2)) | S22: =IF(Q22="","",R22-R23) | T22: =IF(Q22="","",$K$2*O22*1000) | U22: =IF(Q22="","",IF(S22<=T22,"Safe","Unsafe"))
A23: 19 | G23: =IF(F23="","",(F23*$G$2/$I$2)) | H23: =IF(F23="","",G23-G24) | I23: =IF(F23="","",$K$2*D23*1000) | J23: =IF(F23="","",IF(H23<=I23,"Safe","Unsafe")) | M23: =IF(B23="","",B23) | N23: 4.2 | O23: =IF(D23="","",D23) | R23: =IF(Q23="","",(Q23*$G$2/$I$2)) | S23: =IF(Q23="","",R23-R24) | T23: =IF(Q23="","",$K$2*O23*1000) | U23: =IF(Q23="","",IF(S23<=T23,"Safe","Unsafe"))
A24: 20 | G24: =IF(F24="","",(F24*$G$2/$I$2)) | H24: =IF(F24="","",G24-G25) | I24: =IF(F24="","",$K$2*D24*1000) | J24: =IF(F24="","",IF(H24<=I24,"Safe","Unsafe")) | M24: =IF(B24="","",B24) | N24: 5.2 | O24: =IF(D24="","",D24) | R24: =IF(Q24="","",(Q24*$G$2/$I$2)) | S24: =IF(Q24="","",R24-R25) | T24: =IF(Q24="","",$K$2*O24*1000) | U24: =IF(Q24="","",IF(S24<=T24,"Safe","Unsafe"))
A25: 21 | G25: =IF(F25="","",(F25*$G$2/$I$2)) | H25: =IF(F25="","",G25-G26) | I25: =IF(F25="","",$K$2*D25*1000) | J25: =IF(F25="","",IF(H25<=I25,"Safe","Unsafe")) | M25: =IF(B25="","",B25) | N25: 6.2 | O25: =IF(D25="","",D25) | R25: =IF(Q25="","",(Q25*$G$2/$I$2)) | S25: =IF(Q25="","",R25-R26) | T25: =IF(Q25="","",$K$2*O25*1000) | U25: =IF(Q25="","",IF(S25<=T25,"Safe","Unsafe"))
A26: 22 | G26: =IF(F26="","",(F26*$G$2/$I$2)) | H26: =IF(F26="","",G26-G27) | I26: =IF(F26="","",$K$2*D26*1000) | J26: =IF(F26="","",IF(H26<=I26,"Safe","Unsafe")) | M26: =IF(B26="","",B26) | N26: 7.2 | O26: =IF(D26="","",D26) | R26: =IF(Q26="","",(Q26*$G$2/$I$2)) | S26: =IF(Q26="","",R26-R27) | T26: =IF(Q26="","",$K$2*O26*1000) | U26: =IF(Q26="","",IF(S26<=T26,"Safe","Unsafe"))
A27: 23 | G27: =IF(F27="","",(F27*$G$2/$I$2)) | H27: =IF(F27="","",G27-G28) | I27: =IF(F27="","",$K$2*D27*1000) | J27: =IF(F27="","",IF(H27<=I27,"Safe","Unsafe")) | M27: =IF(B27="","",B27) | N27: 8.2 | O27: =IF(D27="","",D27) | R27: =IF(Q27="","",(Q27*$G$2/$I$2)) | S27: =IF(Q27="","",R27-R28) | T27: =IF(Q27="","",$K$2*O27*1000) | U27: =IF(Q27="","",IF(S27<=T27,"Safe","Unsafe"))
... A34: 30 | G34: =IF(F34="","",(F34*$G$2/$I$2)) | H34: =IF(F34="","",G34-G35) | I34: =IF(F34="","",$K$2*D34*1000) | J34: =IF(F34="","",IF(H34<=I34,"Safe","Unsafe")) | M34: =IF(B34="","",B34) | N34: 15.2 | O34: =IF(D34="","",D34) | R34: =IF(Q34="","",(Q34*$G$2/$I$2)) | S34: =IF(Q34="","",R34-R35) | T34: =IF(Q34="","",$K$2*O34*1000) | U34: =IF(Q34="","",IF(S34<=T34,"Safe","Unsafe"))
F57: a) STORY DISPLACEMENT is the lateral displacement of floor or point from its origional position. b) STORY DRIFT is the lateral displacement of one level relative to the level below. c) STORY DRIFT RATIO is the story drift divided by the story height.

Sheet Story Drift Y
E1: EY 1 Direction | P1: EY 2 Direction
E2: Cd | F2: 5.5 | G2: I | H2: 1.25 | I2: ∆a = | J2: 0.015 | P2: Cd | Q2: =F2 -> 5.5 | R2: I | S2: =H2 -> 1.25 | T2: ∆a = | U2: =J2 -> 0.015
A3: Story | B3: H(M) | C3: H(m) | E3: Elastic Displacement(mm) | F3: Amplified Displacement | G3: Story Drift | H3: Allowable | I3: Check | L3: Story | M3: H(M) | N3: H | P3: Elastic Displacement(mm) | Q3: Amplified Displacement | R3: Story Drift | S3: Allowable | T3: Check
E4: δ | F4: ∆m | G4: ∆i | H4: ∆a | P4: δ | Q4: ∆m | R4: ∆i | S4: ∆a
A5: ='Story Drift X'!B5 -> Story9.TR | B5: ='Story Drift X'!C5 -> 3000 | C5: ='Story Drift X'!D5 -> 3.048 | F5: =IF(E5="","",(E5*$F$2/$H$2)) | G5: =IF(E5="","",F5-F6) | H5: =IF(E5="","",$J$2*C5*1000) | I5: =IF(E5="","",IF(G5<=H5,"Safe","Unsafe")) | L5: =IF(A5="","",A5) -> Story9.TR | M5: 3.2 | N5: =IF(C5="","",C5) -> 3.048 | Q5: =IF(P5="","",(P5*$F$2/$H$2)) | R5: =IF(P5="","",Q5-Q6) | S5: =IF(P5="","",$J$2*N5*1000) | T5: =IF(P5="","",IF(R5<=S5,"Safe","Unsafe"))
A6: ='Story Drift X'!B6 -> Story8.Roof | B6: ='Story Drift X'!C6 -> 3000 | C6: ='Story Drift X'!D6 -> 3.048 | F6: =IF(E6="","",(E6*$F$2/$H$2)) | G6: =IF(E6="","",F6-F7) | H6: =IF(E6="","",$J$2*C6*1000) | I6: =IF(E6="","",IF(G6<=H6,"Safe","Unsafe")) | L6: =IF(A6="","",A6) -> Story8.Roof | M6: 3.2 | N6: =IF(C6="","",C6) -> 3.048 | Q6: =IF(P6="","",(P6*$F$2/$H$2)) | R6: =IF(P6="","",Q6-Q7) | S6: =IF(P6="","",$J$2*N6*1000) | T6: =IF(P6="","",IF(R6<=S6,"Safe","Unsafe"))
A7: ='Story Drift X'!B7 -> Story7 | B7: ='Story Drift X'!C7 -> 3000 | C7: ='Story Drift X'!D7 -> 3.048 | F7: =IF(E7="","",(E7*$F$2/$H$2)) | G7: =IF(E7="","",F7-F8) | H7: =IF(E7="","",$J$2*C7*1000) | I7: =IF(E7="","",IF(G7<=H7,"Safe","Unsafe")) | L7: =IF(A7="","",A7) -> Story7 | M7: 3.2 | N7: =IF(C7="","",C7) -> 3.048 | Q7: =IF(P7="","",(P7*$F$2/$H$2)) | R7: =IF(P7="","",Q7-Q8) | S7: =IF(P7="","",$J$2*N7*1000) | T7: =IF(P7="","",IF(R7<=S7,"Safe","Unsafe"))
A8: ='Story Drift X'!B8 -> Story6 | B8: ='Story Drift X'!C8 -> 3000 | C8: ='Story Drift X'!D8 -> 3.048 | F8: =IF(E8="","",(E8*$F$2/$H$2)) | G8: =IF(E8="","",F8-F9) | H8: =IF(E8="","",$J$2*C8*1000) | I8: =IF(E8="","",IF(G8<=H8,"Safe","Unsafe")) | L8: =IF(A8="","",A8) -> Story6 | M8: 3.2 | N8: =IF(C8="","",C8) -> 3.048 | Q8: =IF(P8="","",(P8*$F$2/$H$2)) | R8: =IF(P8="","",Q8-Q9) | S8: =IF(P8="","",$J$2*N8*1000) | T8: =IF(P8="","",IF(R8<=S8,"Safe","Unsafe"))
A9: ='Story Drift X'!B9 -> Story5 | B9: ='Story Drift X'!C9 -> 3000 | C9: ='Story Drift X'!D9 -> 3.048 | F9: =IF(E9="","",(E9*$F$2/$H$2)) | G9: =IF(E9="","",F9-F10) | H9: =IF(E9="","",$J$2*C9*1000) | I9: =IF(E9="","",IF(G9<=H9,"Safe","Unsafe")) | L9: =IF(A9="","",A9) -> Story5 | M9: 3.2 | N9: =IF(C9="","",C9) -> 3.048 | Q9: =IF(P9="","",(P9*$F$2/$H$2)) | R9: =IF(P9="","",Q9-Q10) | S9: =IF(P9="","",$J$2*N9*1000) | T9: =IF(P9="","",IF(R9<=S9,"Safe","Unsafe"))
A10: ='Story Drift X'!B10 -> Story4 | B10: ='Story Drift X'!C10 -> 3000 | C10: ='Story Drift X'!D10 -> 3.048 | F10: =IF(E10="","",(E10*$F$2/$H$2)) | G10: =IF(E10="","",F10-F11) | H10: =IF(E10="","",$J$2*C10*1000) | I10: =IF(E10="","",IF(G10<=H10,"Safe","Unsafe")) | L10: =IF(A10="","",A10) -> Story4 | M10: 3.2 | N10: =IF(C10="","",C10) -> 3.048 | Q10: =IF(P10="","",(P10*$F$2/$H$2)) | R10: =IF(P10="","",Q10-Q11) | S10: =IF(P10="","",$J$2*N10*1000) | T10: =IF(P10="","",IF(R10<=S10,"Safe","Unsafe"))
A11: ='Story Drift X'!B11 -> Story3 | B11: ='Story Drift X'!C11 -> 3000 | C11: ='Story Drift X'!D11 -> 3.048 | F11: =IF(E11="","",(E11*$F$2/$H$2)) | G11: =IF(E11="","",F11-F12) | H11: =IF(E11="","",$J$2*C11*1000) | I11: =IF(E11="","",IF(G11<=H11,"Safe","Unsafe")) | L11: =IF(A11="","",A11) -> Story3 | M11: 3.2 | N11: =IF(C11="","",C11) -> 3.048 | Q11: =IF(P11="","",(P11*$F$2/$H$2)) | R11: =IF(P11="","",Q11-Q12) | S11: =IF(P11="","",$J$2*N11*1000) | T11: =IF(P11="","",IF(R11<=S11,"Safe","Unsafe"))
A12: ='Story Drift X'!B12 -> Story2 | B12: ='Story Drift X'!C12 -> 3000 | C12: ='Story Drift X'!D12 -> 3.048 | F12: =IF(E12="","",(E12*$F$2/$H$2)) | G12: =IF(E12="","",F12-F13) | H12: =IF(E12="","",$J$2*C12*1000) | I12: =IF(E12="","",IF(G12<=H12,"Safe","Unsafe")) | L12: =IF(A12="","",A12) -> Story2 | M12: 3.2 | N12: =IF(C12="","",C12) -> 3.048 | Q12: =IF(P12="","",(P12*$F$2/$H$2)) | R12: =IF(P12="","",Q12-Q13) | S12: =IF(P12="","",$J$2*N12*1000) | T12: =IF(P12="","",IF(R12<=S12,"Safe","Unsafe"))
A13: ='Story Drift X'!B13 -> Story1 | B13: ='Story Drift X'!C13 -> 3000 | C13: ='Story Drift X'!D13 -> 3.3528 | F13: =IF(E13="","",(E13*$F$2/$H$2)) | G13: =IF(E13="","",F13-F14) | H13: =IF(E13="","",$J$2*C13*1000) | I13: =IF(E13="","",IF(G13<=H13,"Safe","Unsafe")) | L13: =IF(A13="","",A13) -> Story1 | M13: 3.2 | N13: =IF(C13="","",C13) -> 3.3528 | Q13: =IF(P13="","",(P13*$F$2/$H$2)) | R13: =IF(P13="","",Q13-Q14) | S13: =IF(P13="","",$J$2*N13*1000) | T13: =IF(P13="","",IF(R13<=S13,"Safe","Unsafe"))
A14: ='Story Drift X'!B14 -> GB | B14: ='Story Drift X'!C14 -> 3000 | C14: ='Story Drift X'!D14 -> 1.524 | F14: =IF(E14="","",(E14*$F$2/$H$2)) | G14: =IF(E14="","",F14-F15) | H14: =IF(E14="","",$J$2*C14*1000) | I14: =IF(E14="","",IF(G14<=H14,"Safe","Unsafe")) | L14: =IF(A14="","",A14) -> GB | M14: 3.2 | N14: =IF(C14="","",C14) -> 1.524 | Q14: =IF(P14="","",(P14*$F$2/$H$2)) | R14: =IF(P14="","",Q14-Q15) | S14: =IF(P14="","",$J$2*N14*1000) | T14: =IF(P14="","",IF(R14<=S14,"Safe","Unsafe"))
A15: ='Story Drift X'!B15 -> 0 | B15: ='Story Drift X'!C15 -> 3000 | C15: ='Story Drift X'!D15 -> 0 | F15: =IF(E15="","",(E15*$F$2/$H$2)) | G15: =IF(E15="","",F15-F16) | H15: =IF(E15="","",$J$2*C15*1000) | I15: =IF(E15="","",IF(G15<=H15,"Safe","Unsafe")) | L15: =IF(A15="","",A15) -> 0 | M15: 3.2 | N15: =IF(C15="","",C15) -> 0 | Q15: =IF(P15="","",(P15*$F$2/$H$2)) | R15: =IF(P15="","",Q15-Q16) | S15: =IF(P15="","",$J$2*N15*1000) | T15: =IF(P15="","",IF(R15<=S15,"Safe","Unsafe"))
A16: ='Story Drift X'!B16 -> 0 | B16: ='Story Drift X'!C16 -> 0 | C16: ='Story Drift X'!D16 -> 0 | F16: =IF(E16="","",(E16*$F$2/$H$2)) | G16: =IF(E16="","",F16-F17) | H16: =IF(E16="","",$J$2*C16*1000) | I16: =IF(E16="","",IF(G16<=H16,"Safe","Unsafe")) | L16: =IF(A16="","",A16) -> 0 | M16: 3.2 | N16: =IF(C16="","",C16) -> 0 | Q16: =IF(P16="","",(P16*$F$2/$H$2)) | R16: =IF(P16="","",Q16-Q17) | S16: =IF(P16="","",$J$2*N16*1000) | T16: =IF(P16="","",IF(R16<=S16,"Safe","Unsafe"))
... A34: ='Story Drift X'!B34 -> 0 | B34: ='Story Drift X'!C34 -> 0 | C34: ='Story Drift X'!D34 -> 0 | F34: =IF(E34="","",(E34*$F$2/$H$2)) | G34: =IF(E34="","",F34-F35) | H34: =IF(E34="","",$J$2*C34*1000) | I34: =IF(E34="","",IF(G34<=H34,"Safe","Unsafe")) | L34: =IF(A34="","",A34) -> 0 | M34: 15.2 | N34: =IF(C34="","",C34) -> 0 | Q34: =IF(P34="","",(P34*$F$2/$H$2)) | R34: =IF(P34="","",Q34-Q35) | S34: =IF(P34="","",$J$2*N34*1000) | T34: =IF(P34="","",IF(R34<=S34,"Safe","Unsafe"))
E59: a) STORY DISPLACEMENT is the lateral displacement of floor or point from its origional position. b) STORY DRIFT is the lateral displacement of one level relative to the level below. c) STORY DRIFT RATIO is the story drift divided by the story height.

Sheet Drift Ratio X
D1: EX 1 Direction | I1: EX 2 Direction
D2: Allowable drift | E2: ='Story Drift X'!K2 -> 0.02 | I2: Allowable drift | J2: =E2 -> 0.02
A3: Story | B3: H | D3: Story Drift Ratio | E3: Allowable | F3: Check | I3: Story Drift Ratio | J3: Allowable | K3: Check
D4: *∆ | E4: ∆a | I4: *∆ | J4: ∆a
A5: =IF('Story Drift X'!B5="","",('Story Drift X'!B5)) -> Story9.TR | B5: =IF('Story Drift X'!D5="","",'Story Drift X'!D5) -> 3.048 | D5: ='Story Drift X'!H5/('Story Drift X'!D5*1000) -> 0.0082702713 | E5: =$E$2 -> 0.02 | F5: =IF(D5="","",IF(D5<=E5,"Safe","Unsafe")) -> Safe | I5: =IF('Story Drift X'!R5="","",'Story Drift X'!S5/('Story Drift X'!O5*1000)) | J5: =$J$2 -> 0.02 | K5: =IF(I5="","",IF(I5<=J5,"Safe","Unsafe"))
A6: =IF('Story Drift X'!B6="","",('Story Drift X'!B6)) -> Story8.Roof | B6: =IF('Story Drift X'!D6="","",'Story Drift X'!D6) -> 3.048 | D6: ='Story Drift X'!H6/('Story Drift X'!D6*1000) -> 0.0096597413 | E6: =$E$2 -> 0.02 | F6: =IF(D6="","",IF(D6<=E6,"Safe","Unsafe")) -> Safe | I6: =IF('Story Drift X'!R6="","",'Story Drift X'!S6/('Story Drift X'!O6*1000)) | J6: =$J$2 -> 0.02 | K6: =IF(I6="","",IF(I6<=J6,"Safe","Unsafe"))
A7: =IF('Story Drift X'!B7="","",('Story Drift X'!B7)) -> Story7 | B7: =IF('Story Drift X'!D7="","",'Story Drift X'!D7) -> 3.048 | D7: ='Story Drift X'!H7/('Story Drift X'!D7*1000) -> 0.010962574 | E7: =$E$2 -> 0.02 | F7: =IF(D7="","",IF(D7<=E7,"Safe","Unsafe")) -> Safe | I7: =IF('Story Drift X'!R7="","",'Story Drift X'!S7/('Story Drift X'!O7*1000)) | J7: =$J$2 -> 0.02 | K7: =IF(I7="","",IF(I7<=J7,"Safe","Unsafe"))
A8: =IF('Story Drift X'!B8="","",('Story Drift X'!B8)) -> Story6 | B8: =IF('Story Drift X'!D8="","",'Story Drift X'!D8) -> 3.048 | D8: ='Story Drift X'!H8/('Story Drift X'!D8*1000) -> 0.012142398 | E8: =$E$2 -> 0.02 | F8: =IF(D8="","",IF(D8<=E8,"Safe","Unsafe")) -> Safe | I8: =IF('Story Drift X'!R8="","",'Story Drift X'!S8/('Story Drift X'!O8*1000)) | J8: =$J$2 -> 0.02 | K8: =IF(I8="","",IF(I8<=J8,"Safe","Unsafe"))
A9: =IF('Story Drift X'!B9="","",('Story Drift X'!B9)) -> Story5 | B9: =IF('Story Drift X'!D9="","",'Story Drift X'!D9) -> 3.048 | D9: ='Story Drift X'!H9/('Story Drift X'!D9*1000) -> 0.012940538 | E9: =$E$2 -> 0.02 | F9: =IF(D9="","",IF(D9<=E9,"Safe","Unsafe")) -> Safe | I9: =IF('Story Drift X'!R9="","",'Story Drift X'!S9/('Story Drift X'!O9*1000)) | J9: =$J$2 -> 0.02 | K9: =IF(I9="","",IF(I9<=J9,"Safe","Unsafe"))
A10: =IF('Story Drift X'!B10="","",('Story Drift X'!B10)) -> Story4 | B10: =IF('Story Drift X'!D10="","",'Story Drift X'!D10) -> 3.048 | D10: ='Story Drift X'!H10/('Story Drift X'!D10*1000) -> 0.013188668 | E10: =$E$2 -> 0.02 | F10: =IF(D10="","",IF(D10<=E10,"Safe","Unsafe")) -> Safe | I10: =IF('Story Drift X'!R10="","",'Story Drift X'!S10/('Story Drift X'!O10*1000)) | J10: =$J$2 -> 0.02 | K10: =IF(I10="","",IF(I10<=J10,"Safe","Unsafe"))
A11: =IF('Story Drift X'!B11="","",('Story Drift X'!B11)) -> Story3 | B11: =IF('Story Drift X'!D11="","",'Story Drift X'!D11) -> 3.048 | D11: ='Story Drift X'!H11/('Story Drift X'!D11*1000) -> 0.012731071 | E11: =$E$2 -> 0.02 | F11: =IF(D11="","",IF(D11<=E11,"Safe","Unsafe")) -> Safe | I11: =IF('Story Drift X'!R11="","",'Story Drift X'!S11/('Story Drift X'!O11*1000)) | J11: =$J$2 -> 0.02 | K11: =IF(I11="","",IF(I11<=J11,"Safe","Unsafe"))
A12: =IF('Story Drift X'!B12="","",('Story Drift X'!B12)) -> Story2 | B12: =IF('Story Drift X'!D12="","",'Story Drift X'!D12) -> 3.048 | D12: ='Story Drift X'!H12/('Story Drift X'!D12*1000) -> 0.011318249 | E12: =$E$2 -> 0.02 | F12: =IF(D12="","",IF(D12<=E12,"Safe","Unsafe")) -> Safe | I12: =IF('Story Drift X'!R12="","",'Story Drift X'!S12/('Story Drift X'!O12*1000)) | J12: =$J$2 -> 0.02 | K12: =IF(I12="","",IF(I12<=J12,"Safe","Unsafe"))
A13: =IF('Story Drift X'!B13="","",('Story Drift X'!B13)) -> Story1 | B13: =IF('Story Drift X'!D13="","",'Story Drift X'!D13) -> 3.3528 | D13: ='Story Drift X'!H13/('Story Drift X'!D13*1000) -> -0.0023779675 | E13: =$E$2 -> 0.02 | F13: =IF(D13="","",IF(D13<=E13,"Safe","Unsafe")) -> Safe | I13: =IF('Story Drift X'!R13="","",'Story Drift X'!S13/('Story Drift X'!O13*1000)) | J13: =$J$2 -> 0.02 | K13: =IF(I13="","",IF(I13<=J13,"Safe","Unsafe"))
A14: =IF('Story Drift X'!B14="","",('Story Drift X'!B14)) -> GB | B14: =IF('Story Drift X'!D14="","",'Story Drift X'!D14) -> 1.524 | D14: ='Story Drift X'!H14/('Story Drift X'!D14*1000) -> #VALUE! | E14: =$E$2 -> 0.02 | F14: =IF(D14="","",IF(D14<=E14,"Safe","Unsafe")) -> #VALUE! | I14: =IF('Story Drift X'!R14="","",'Story Drift X'!S14/('Story Drift X'!O14*1000)) | J14: =$J$2 -> 0.02 | K14: =IF(I14="","",IF(I14<=J14,"Safe","Unsafe"))
A15: =IF('Story Drift X'!B15="","",('Story Drift X'!B15)) | B15: =IF('Story Drift X'!D15="","",'Story Drift X'!D15) | D15: ='Story Drift X'!H15/('Story Drift X'!D15*1000) -> #VALUE! | E15: =$E$2 -> 0.02 | F15: =IF(D15="","",IF(D15<=E15,"Safe","Unsafe")) -> #VALUE! | I15: =IF('Story Drift X'!R15="","",'Story Drift X'!S15/('Story Drift X'!O15*1000)) | J15: =$J$2 -> 0.02 | K15: =IF(I15="","",IF(I15<=J15,"Safe","Unsafe"))
A16: =IF('Story Drift X'!B16="","",('Story Drift X'!B16)) | B16: =IF('Story Drift X'!D16="","",'Story Drift X'!D16) | D16: ='Story Drift X'!H16/('Story Drift X'!D16*1000) -> #VALUE! | E16: =$E$2 -> 0.02 | F16: =IF(D16="","",IF(D16<=E16,"Safe","Unsafe")) -> #VALUE! | I16: =IF('Story Drift X'!R16="","",'Story Drift X'!S16/('Story Drift X'!O16*1000)) | J16: =$J$2 -> 0.02 | K16: =IF(I16="","",IF(I16<=J16,"Safe","Unsafe"))
... A34: =IF('Story Drift X'!B34="","",('Story Drift X'!B34)) | B34: =IF('Story Drift X'!D34="","",'Story Drift X'!D34) | D34: ='Story Drift X'!H34/('Story Drift X'!D34*1000) -> #VALUE! | E34: =$E$2 -> 0.02 | F34: =IF(D34="","",IF(D34<=E34,"Safe","Unsafe")) -> #VALUE! | I34: =IF('Story Drift X'!R34="","",'Story Drift X'!S34/('Story Drift X'!O34*1000)) | J34: =$J$2 -> 0.02 | K34: =IF(I34="","",IF(I34<=J34,"Safe","Unsafe"))

Sheet Drift Ratio Y
D1: EY 1 Direction | I1: EY 2 Direction
D2: Allowable drift | E2: ='Story Drift X'!K2 -> 0.02 | I2: Allowable drift | J2: =E2 -> 0.02
A3: Story | B3: H | D3: Story Drift Ratio | E3: Allowable | F3: Check | I3: Story Drift Ratio | J3: Allowable | K3: Check
D4: *∆ | E4: ∆a | I4: *∆ | J4: ∆a
A5: =IF('Story Drift X'!B5="","",('Story Drift X'!B5)) -> Story9.TR | B5: =IF('Story Drift X'!D5="","",'Story Drift X'!D5) -> 3.048 | D5: ='Story Drift Y'!G5/('Story Drift Y'!C5*1000) -> #VALUE! | E5: =$E$2 -> 0.02 | F5: =IF(D5="","",IF(D5<=E5,"Safe","Unsafe")) -> #VALUE! | I5: =IF('Story Drift Y'!Q5="","",'Story Drift Y'!R5/('Story Drift Y'!N5*1000)) | J5: =$J$2 -> 0.02 | K5: =IF(I5="","",IF(I5<=J5,"Safe","Unsafe"))
A6: =IF('Story Drift X'!B6="","",('Story Drift X'!B6)) -> Story8.Roof | B6: =IF('Story Drift X'!D6="","",'Story Drift X'!D6) -> 3.048 | D6: ='Story Drift Y'!G6/('Story Drift Y'!C6*1000) -> #VALUE! | E6: =$E$2 -> 0.02 | F6: =IF(D6="","",IF(D6<=E6,"Safe","Unsafe")) -> #VALUE! | I6: =IF('Story Drift Y'!Q6="","",'Story Drift Y'!R6/('Story Drift Y'!N6*1000)) | J6: =$J$2 -> 0.02 | K6: =IF(I6="","",IF(I6<=J6,"Safe","Unsafe"))
A7: =IF('Story Drift X'!B7="","",('Story Drift X'!B7)) -> Story7 | B7: =IF('Story Drift X'!D7="","",'Story Drift X'!D7) -> 3.048 | D7: ='Story Drift Y'!G7/('Story Drift Y'!C7*1000) -> #VALUE! | E7: =$E$2 -> 0.02 | F7: =IF(D7="","",IF(D7<=E7,"Safe","Unsafe")) -> #VALUE! | I7: =IF('Story Drift Y'!Q7="","",'Story Drift Y'!R7/('Story Drift Y'!N7*1000)) | J7: =$J$2 -> 0.02 | K7: =IF(I7="","",IF(I7<=J7,"Safe","Unsafe"))
A8: =IF('Story Drift X'!B8="","",('Story Drift X'!B8)) -> Story6 | B8: =IF('Story Drift X'!D8="","",'Story Drift X'!D8) -> 3.048 | D8: ='Story Drift Y'!G8/('Story Drift Y'!C8*1000) -> #VALUE! | E8: =$E$2 -> 0.02 | F8: =IF(D8="","",IF(D8<=E8,"Safe","Unsafe")) -> #VALUE! | I8: =IF('Story Drift Y'!Q8="","",'Story Drift Y'!R8/('Story Drift Y'!N8*1000)) | J8: =$J$2 -> 0.02 | K8: =IF(I8="","",IF(I8<=J8,"Safe","Unsafe"))
A9: =IF('Story Drift X'!B9="","",('Story Drift X'!B9)) -> Story5 | B9: =IF('Story Drift X'!D9="","",'Story Drift X'!D9) -> 3.048 | D9: ='Story Drift Y'!G9/('Story Drift Y'!C9*1000) -> #VALUE! | E9: =$E$2 -> 0.02 | F9: =IF(D9="","",IF(D9<=E9,"Safe","Unsafe")) -> #VALUE! | I9: =IF('Story Drift Y'!Q9="","",'Story Drift Y'!R9/('Story Drift Y'!N9*1000)) | J9: =$J$2 -> 0.02 | K9: =IF(I9="","",IF(I9<=J9,"Safe","Unsafe"))
A10: =IF('Story Drift X'!B10="","",('Story Drift X'!B10)) -> Story4 | B10: =IF('Story Drift X'!D10="","",'Story Drift X'!D10) -> 3.048 | D10: ='Story Drift Y'!G10/('Story Drift Y'!C10*1000) -> #VALUE! | E10: =$E$2 -> 0.02 | F10: =IF(D10="","",IF(D10<=E10,"Safe","Unsafe")) -> #VALUE! | I10: =IF('Story Drift Y'!Q10="","",'Story Drift Y'!R10/('Story Drift Y'!N10*1000)) | J10: =$J$2 -> 0.02 | K10: =IF(I10="","",IF(I10<=J10,"Safe","Unsafe"))
A11: =IF('Story Drift X'!B11="","",('Story Drift X'!B11)) -> Story3 | B11: =IF('Story Drift X'!D11="","",'Story Drift X'!D11) -> 3.048 | D11: ='Story Drift Y'!G11/('Story Drift Y'!C11*1000) -> #VALUE! | E11: =$E$2 -> 0.02 | F11: =IF(D11="","",IF(D11<=E11,"Safe","Unsafe")) -> #VALUE! | I11: =IF('Story Drift Y'!Q11="","",'Story Drift Y'!R11/('Story Drift Y'!N11*1000)) | J11: =$J$2 -> 0.02 | K11: =IF(I11="","",IF(I11<=J11,"Safe","Unsafe"))
A12: =IF('Story Drift X'!B12="","",('Story Drift X'!B12)) -> Story2 | B12: =IF('Story Drift X'!D12="","",'Story Drift X'!D12) -> 3.048 | D12: ='Story Drift Y'!G12/('Story Drift Y'!C12*1000) -> #VALUE! | E12: =$E$2 -> 0.02 | F12: =IF(D12="","",IF(D12<=E12,"Safe","Unsafe")) -> #VALUE! | I12: =IF('Story Drift Y'!Q12="","",'Story Drift Y'!R12/('Story Drift Y'!N12*1000)) | J12: =$J$2 -> 0.02 | K12: =IF(I12="","",IF(I12<=J12,"Safe","Unsafe"))
A13: =IF('Story Drift X'!B13="","",('Story Drift X'!B13)) -> Story1 | B13: =IF('Story Drift X'!D13="","",'Story Drift X'!D13) -> 3.3528 | D13: ='Story Drift Y'!G13/('Story Drift Y'!C13*1000) -> #VALUE! | E13: =$E$2 -> 0.02 | F13: =IF(D13="","",IF(D13<=E13,"Safe","Unsafe")) -> #VALUE! | I13: =IF('Story Drift Y'!Q13="","",'Story Drift Y'!R13/('Story Drift Y'!N13*1000)) | J13: =$J$2 -> 0.02 | K13: =IF(I13="","",IF(I13<=J13,"Safe","Unsafe"))
A14: =IF('Story Drift X'!B14="","",('Story Drift X'!B14)) -> GB | B14: =IF('Story Drift X'!D14="","",'Story Drift X'!D14) -> 1.524 | D14: ='Story Drift Y'!G14/('Story Drift Y'!C14*1000) -> #VALUE! | E14: =$E$2 -> 0.02 | F14: =IF(D14="","",IF(D14<=E14,"Safe","Unsafe")) -> #VALUE! | I14: =IF('Story Drift Y'!Q14="","",'Story Drift Y'!R14/('Story Drift Y'!N14*1000)) | J14: =$J$2 -> 0.02 | K14: =IF(I14="","",IF(I14<=J14,"Safe","Unsafe"))
A15: =IF('Story Drift X'!B15="","",('Story Drift X'!B15)) | B15: =IF('Story Drift X'!D15="","",'Story Drift X'!D15) | D15: ='Story Drift Y'!G15/('Story Drift Y'!C15*1000) -> #VALUE! | E15: =$E$2 -> 0.02 | F15: =IF(D15="","",IF(D15<=E15,"Safe","Unsafe")) -> #VALUE! | I15: =IF('Story Drift Y'!Q15="","",'Story Drift Y'!R15/('Story Drift Y'!N15*1000)) | J15: =$J$2 -> 0.02 | K15: =IF(I15="","",IF(I15<=J15,"Safe","Unsafe"))
A16: =IF('Story Drift X'!B16="","",('Story Drift X'!B16)) | B16: =IF('Story Drift X'!D16="","",'Story Drift X'!D16) | D16: ='Story Drift Y'!G16/('Story Drift Y'!C16*1000) -> #VALUE! | E16: =$E$2 -> 0.02 | F16: =IF(D16="","",IF(D16<=E16,"Safe","Unsafe")) -> #VALUE! | I16: =IF('Story Drift Y'!Q16="","",'Story Drift Y'!R16/('Story Drift Y'!N16*1000)) | J16: =$J$2 -> 0.02 | K16: =IF(I16="","",IF(I16<=J16,"Safe","Unsafe"))
... A34: =IF('Story Drift X'!B34="","",('Story Drift X'!B34)) | B34: =IF('Story Drift X'!D34="","",'Story Drift X'!D34) | D34: ='Story Drift Y'!G34/('Story Drift Y'!C34*1000) -> #VALUE! | E34: =$E$2 -> 0.02 | F34: =IF(D34="","",IF(D34<=E34,"Safe","Unsafe")) -> #VALUE! | I34: =IF('Story Drift Y'!Q34="","",'Story Drift Y'!R34/('Story Drift Y'!N34*1000)) | J34: =$J$2 -> 0.02 | K34: =IF(I34="","",IF(I34<=J34,"Safe","Unsafe"))
