Workbook
Name a: 'Design Calculation'!$V$3
Name a.: 'Design Calculation'!$V$3
Name af: 'Design Calculation'!$V$11
Name As: 'Design Calculation'!$P$4
Name As.: 'Design Calculation'!$P$6
Name Asl: 'Design Calculation'!$K$20
Name Ass: 'Design Calculation'!$P$15
Name b: 'Design Calculation'!$V$4
Name bf: 'Design Calculation'!$V$12
Name bw: 'Input Data'!$E$9
Name bws: 'Input Data'!$E$10
Name c.: 'Design Calculation'!$V$5
Name CC: 'Input Data'!$E$17
Name cf: 'Design Calculation'!$V$13
Name Cosθ: 'Load Calculation'!$F$6
Name DL: 'Input Data'!$E$7
Name dreq: 'Design Calculation'!$E$13
Name Effective_Depth: 'Load Calculation'!$F$10
Name Effective_Length_of_Stair: 'Load Calculation'!$F$8
Name End_Landing_Length: 'Input Data'!$E$12
Name fc: 'Input Data'!$E$5
Name framesystem: [1]Sheet3!$B$39:$B$45
Name fy: 'Input Data'!$E$6
Name Horizontal_Length_of_Stair_Flight: 'Load Calculation'!$F$3
Name Inclined_Length_of_Stair: 'Load Calculation'!$F$7
Name L1.: 'SFD & BMD'!$E$5
Name L2.: 'SFD & BMD'!$G$5
Name L3.: 'SFD & BMD'!$L$5
Name LL: 'Input Data'!$E$8
Name Main_Bar_Dia: 'Input Data'!$E$18
Name Mu: 'SFD & BMD'!$H$15
Name Mu.: 'Design Calculation'!$E$9
Name Nos_of_Riser: 'Input Data'!$E$16
Name Nos_of_Trade: 'Input Data'!$E$15
Name Riser: 'Input Data'!$E$14
Name Rv: 'Design Calculation'!$E$12
Name S_f_Long: 'Design Calculation'!$P$11
Name S_f_Shear: 'Design Calculation'!$P$16
Name S_L_Long: 'Design Calculation'!$K$27
Name S_L_shear: 'Design Calculation'!$K$32
Name S_main_Long: 'Design Calculation'!$P$11
Name S_main_Provided: 'Design Calculation'!$P$11
Name S_Main_Shear: 'Design Calculation'!$P$16
Name S_Shear: 'Design Calculation'!$P$16
Name Shear_Bar_dia: 'Input Data'!$E$19
Name Starting_Landing_Length: 'Input Data'!$E$11
Name t: 'Load Calculation'!$H$7
Name Total_DL: 'Load Calculation'!$F$16
Name Trade: 'Input Data'!$E$13
Name Vertical_height_of_Stair_Flight: 'Load Calculation'!$F$4
Name W1.: 'SFD & BMD'!$E$3
Name W1s: 'SFD & BMD'!$E$3
Name W2.: 'SFD & BMD'!$G$2
Name W2s: 'SFD & BMD'!$G$2
Name W3.: 'SFD & BMD'!$L$3
Name W3s: 'SFD & BMD'!$L$3
Name Wfi: 'Load Calculation'!$F$17
Name β: 'Input Data'!$E$23
Name λ: 'Input Data'!$E$22
Name ρ: 'Design Calculation'!$E$10

Sheet Video & Instruction 
B14: qLearnify is an educational platform dedicated to the professional development of engineers and architects.
C17: Website: | E17: https://qlearnify.com/
C18: Facebook: | E18: https://www.facebook.com/qlearnify
C19: Youtube (Bangla): | E19: https://www.youtube.com/@qlearnify-bn
C20: Youtube (English): | E20: https://www.youtube.com/@qlearnify-en
C21: WhatsApp: | E21: https://wa.me/8801511250108
C22: LinkedIn: | E22: https://www.linkedin.com/company/qlearnify/
B24: Note: This Excel sheet has been created for educational purposes; please validate it according to your own standards before using it for professional work.
A34: Bangla: | B34: https://youtube.com/playlist?list=PLxle8F-wJI7P43K0GljphED4I5TRXu6Zx&si=el-Lrxm5mB1Vmgcf
A36: English: | B36: https://youtube.com/playlist?list=PLTscI_CLWNfB_1x6_7zylwLZWo7mKypCq&si=QzFh_rJa61GU0YNW

Sheet Input Data
B1: This Excel Sheet is Created By Engr Hedaetullah & NJ Disha
B2: YT: School of Civil Engineering/ SOCE BD
B3: Stay Connected and support Us.
E4: Main Data
D5: f'c= | E5: 3050 | F5: psi
D6: fy= | E6: 72500 | F6: psi
B7: ExtraDL (SDL+FFL) | E7: 60 | F7: psf
B8: Live Load ,L.L= | E8: 100 | F8: psf
C9: (B & T) Width of Beam (bw)= | E9: 10 | F9: in
C10: Width of Strainger Beam (bws)= | E10: 10 | F10: in
B11: Starting Landing Length= | E11: 5.4167 | F11: ft
B12: End Landing Length= | E12: 4 | F12: ft
B13: Trade= | E13: 10 | F13: in
B14: Riser= | E14: 6 | F14: in
B15: Nos of Trade= | E15: 9
B16: Nos of Riser= | E16: 10
B17: Clear Cover, CC= | E17: 0.75 | F17: in
B18: Longitudinal/Main Rabar Dia= | E18: 12 | F18: mm
B19: Transverse/Shear Rebar Dia= | E19: 10 | F19: mm
D20: For Shear, φ = | E20: 0.75
D21: For Moment, φ = | E21: 0.9
D22: λ= | E22: 1
D23: β= | E23: 0.85

Sheet Load Calculation
A3: Horizontal Length of Stair Flight= | F3: =(Trade*Nos_of_Trade)/12 -> 7.5 | G3: ft
A4: Vertical height of Stair Flight= | F4: =(Riser*Nos_of_Riser)/12 -> 5 | G4: ft
A5: Angle, θ= | F5: =(ATAN(Vertical_height_of_Stair_Flight/Horizontal_Length_of_Stair_Flight))*180/3.1416 -> 33.689989 | G5: Deg | H5: Provide
A6: Cos θ= | F6: =O26/N16 -> 0.83205029 | H6: Weist Slab Thickness, t
B7: Inclined Length of Stair= | F7: =SQRT(O26^2+Q17^2) -> 9.0138782 | G7: ft | H7: 7
B8: Effective Length of Stair= | F8: =(bw/(2*12))+M26+O26 -> 13.750033 | G8: ft
B9: Weist Slab Thickness (Minimum)= | F9: =0.85*(Effective_Length_of_Stair/20)*12 -> 7.012517 | G9: in | H9: ACI 318-08 [Table-9.5(a)]
B10: Effective Depth= | F10: =H7-(('Input Data'!E18)/(25.4*2))-('Input Data'!E19/(25.4))-'Input Data'!E17 -> 5.6200787 | G10: in
B12: Load Calculation
B13: Flight Load
B14: Self Weight of Weist Slab= | F14: =((t/12)*150*1) -> 87.5 | G14: lb/ft
B15: Self Weight of Steps= | F15: =((Nos_of_Trade*0.5*(Trade/12)*(Riser/12)*1*150))/Inclined_Length_of_Stair -> 31.201886 | G15: lb/ft
B16: Totol DL= | F16: =(F14+F15+(1*DL)) -> 178.70189 | G16: lb/ft | N16: =F7 -> 9.0138782
B17: Factored Load (Inclined), Wfi= | F17: =(1.2*Total_DL)+(1.6*LL) -> 374.44226 | G17: lb/ft | Q17: =F4 -> 5
B18: Factored Load (Horizontal), Wfh= | F18: =Wfi/Cosθ -> 450.02359 | G18: lb/ft
B19: Landing Load
B20: Factor Load, Wl= | F20: =1.2*(F14+DL)+1.6*(LL) -> 337 | G20: lb/ft | O20: =F5 -> 33.689989 | P20: deg
C22: This Excel Sheet is Created By Engr Hedaetullah & NJ Disha
C23: YT: School of Civil Engineering/ SOCE BD
C24: Stay Connected and support Us.
M26: =Starting_Landing_Length+(bw/(12*2)) -> 5.8333667 | O26: =F3 -> 7.5 | Q26: =End_Landing_Length -> 4

Sheet SFD & BMD
G2: ='Load Calculation'!F18 -> 450.02359
E3: ='Load Calculation'!F20 -> 337 | L3: =E3 -> 337
D4: LD
E5: ='Load Calculation'!M26 -> 5.8333667 | G5: ='Load Calculation'!O26 -> 7.5 | L5: ='Load Calculation'!Q26 -> 4
E6: =((W1.*L1.*((L1./2)+L2.))+(W2.*L2.*((L2./2)))-(W3.*L3.*L3./2))/(L1.+L2.) -> 2282.8813 | L6: =(W1.*L1.)+(W2.*L2.)+(W3.*L3.)-E6 -> 4406.1402
C8: =E6 -> 2282.8813 | G8: =C8-(W1.*L1.) -> 317.03677 | L8: =J13+L6 -> 1348
J9: =L2.-H12 -> 6.7955108
D10: SFD
N11: =L8-(W3.*L3.) -> 0
H12: =(G8*L2.)/(G8-J13) -> 0.70448922
J13: =((G8-(W2.*L2.))) -> -3058.1402
H15: =(E16+(0.5*G8*H12)) -> 7694.8123
E16: =0.5*(C8+G8)*L1. -> 7583.1378
D19: BMD | N19: =K23+(0.5*L8*L3.) -> 0 | O19: This Excel Sheet is Created By Engr Hedaetullah & NJ Disha
O20: YT: School of Civil Engineering/ SOCE BD
O21: Stay Connected and support Us.
K23: =H15-(0.5*J9*(-J13)) -> -2696

Sheet Design Calculation
B3: Shear Check for Provided Effective Depth,d | K3: Main Reinforcement Calculation For Flight | U3: a= | V3: =φm*fy^2 -> 4730625000
A4: Maximum Shear, Vu= | E4: =MAX(('SFD & BMD'!C8),(ABS('SFD & BMD'!J13))) -> 3058.1402 | F4: lb | K4: Main reinforcement for Flight, As= | P4: =MIN(V6:V7) -> 0.2665287 | Q4: in^2 | U4: b= | V4: =-(1.7*φm*fc*fy*Effective_Depth*12) -> -2.2816705e+10
A5: Allawable Shear, φVc= | E5: =2*φ*λ*(fc^0.5)*12*Effective_Depth -> 5586.8219 | F5: lb | K5: Minimum reinforcement for Flight, As= | P5: =3*SQRT(fc)*12*Effective_Depth/fy -> 0.15411922 | Q5: in^2 | U5: c= | V5: =1.7*fc*1*12*Mu.*12 -> 5.7452546e+09
A6: Thickness check= | E6: =IF(E4<E5,"OK","Not Ok") -> OK | F6: =IF(E6="OK","Allawable shear > Maximum Shear","Allawable shear < Maximum Shear") -> Allawable shear > Maximum Shear | K6: Provided Reinforcement for Flight, As= | P6: =MAX(P4:P5) -> 0.2665287 | Q6: in^2 | U6: X1= | V6: =(-b-SQRT(b^2-4*a*c.))/(2*a) -> 0.2665287
U7: X2= | V7: =(-b+SQRT(b^2-4*a*c.))/(2*a) -> 4.5566616
B8: Depth Check For Moment | K8: Spacing Calculation
A9: Mu= | E9: =Mu -> 7694.8123 | F9: lb-ft | K9: Spacing For Logn Bar, S= | P9: =((3.1416/4)*Main_Bar_Dia*Main_Bar_Dia*12/(25.4*25.5))/As. -> 7.8617053 | Q9: in C/C
D10: ρ= | E10: =0.85*β*(fc/fy)*(87000/(87000+fy)) -> 0.016578997 | K10: Maximum Spacing For Crack Control, Smax= | P10: =(15*(3*40000)/(2*fy))-2.5*CC -> 10.538793 | Q10: in C/C
D11: ρmax= | E11: =0.75*ρ -> 0.012434248 | K11: Provided Spacing, Sprovided)= | P11: =_xlfn.FLOOR.MATH((MIN(P9:P10)),0.25) -> 7.75 | Q11: in C/C | U11: a= | V11: =φm*fy^2 -> 4730625000
D12: R= | E12: =ρmax*fy*(1-((0.59*ρmax*fy)/fc)) -> 744.27764 | F12: psi | U12: b= | V12: =-(1.7*φm*fc*fy*Effective_Depth*12) -> -2.2816705e+10
D13: dreq= | E13: =SQRT((Mu.*12)/(φm*Rv*12)) -> 3.389302 | F13: in | K13: Shear (Transverse) Reinforcement Calculation for Flight | U13: c= | V13: =1.7*fc*1*12*MAX(ABS('SFD & BMD'!E16),ABS('SFD & BMD'!K23))*12 -> 5.661874e+09
C14: Depth Check= | E14: =IF(dreq<=Effective_Depth,"OK","Not Ok") -> OK | K14: Is Shear Reinforcement required? = | P14: =IF(E4<E5/2,"No","Yes") -> Yes | Q14: =IF(P14="No","As, Vu<φVc/2","As, Vu>φVc/2") -> As, Vu>φVc/2 | U14: X1= | V14: =(-bf-SQRT(bf^2-4*af*cf))/(2*af) -> 0.2624242
K15: Minimum Required= | P15: =0.0018*12*t -> 0.1512 | Q15: in^2 | U15: X2= | V15: =(-bf+SQRT(bf^2-4*af*cf))/(2*af) -> 4.5607661
K16: Spacing= | P16: =_xlfn.FLOOR.MATH((((3.1416/4)*Shear_Bar_dia*Shear_Bar_dia/(25.4*25.4))*12/Ass),0.25) -> 9.5 | Q16: in C/C
F19: Main Reinforcement Calculation For Landing
F20: Main reinforcement for Landing, As= | K20: =MIN(V14:V15) -> 0.2624242 | L20: in^2
F21: Minimum reinforcement for Landing, As= | K21: =3*SQRT(fc)*12*Effective_Depth/fy -> 0.15411922 | L21: in^2
F22: Provided Reinforcement for Landing, As= | K22: =MAX(K20:K21) -> 0.2624242 | L22: in^2
O23: This Excel Sheet is Created By Engr Hedaetullah & NJ Disha
F24: Spacing Calculation | O24: YT: School of Civil Engineering/ SOCE BD
F25: Spacing For Logn Bar, S= | K25: =((3.1416/4)*Main_Bar_Dia*Main_Bar_Dia*12/(25.4*25.5))/Asl -> 7.984668 | L25: in C/C | O25: Stay Connected and support Us.
F26: Maximum Spacing For Crack Control, Smax= | K26: =(15*(3*40000)/(2*fy))-2.5*CC -> 10.538793 | L26: in C/C
F27: Provided Spacing, Sprovided)= | K27: =_xlfn.FLOOR.MATH((MIN(K25:K26)),0.25) -> 7.75 | L27: in C/C
F29: Shear (Transverse) Reinforcement Calculation for Flight
F30: Is Shear Reinforcement required? = | K30: =IF(E4<E5/2,"No","Yes") -> Yes | L30: =IF(K30="No","As, Vu<φVc/2","As, Vu>φVc/2") -> As, Vu>φVc/2
F31: Minimum Required= | K31: =0.0018*12*t -> 0.1512 | L31: in^2
F32: Spacing= | K32: =_xlfn.FLOOR.MATH((((3.1416/4)*Shear_Bar_dia*Shear_Bar_dia/(25.4*25.4))*12/Ass),0.25) -> 9.5 | L32: in C/C

Sheet Detailing
B2: This Excel Sheet is Created By Engr Hedaetullah & NJ Disha
B3: YT: School of Civil Engineering/ SOCE BD
B4: Stay Connected and support Us.
I5: ='Load Calculation'!N16*12/3 -> 36.055513 | K5: =I5*25 -> 901.38782
N9: =Shear_Bar_dia -> 10 | O9: =S_L_shear -> 9.5 | Q9: =O9*25 -> 237.5
D11: =Main_Bar_Dia -> 12 | E11: =S_L_Long -> 7.75 | G11: =E11*25 -> 193.75 | N11: =Main_Bar_Dia -> 12 | O11: =S_f_Long -> 7.75 | Q11: =O11*25 -> 193.75
D13: =Shear_Bar_dia -> 10 | E13: =S_L_shear -> 9.5 | G13: =E13*25 -> 237.5 | N13: =Shear_Bar_dia -> 10 | O13: =S_f_Shear -> 9.5 | Q13: =O13*25 -> 237.5
M15: W. Slab= | N15: =t -> 7 | O15: =N15*25 -> 175
