Workbook
Name CC: 'Calculate Nos of Bar'!$E$6
Name DiaofBar: 'Calculate Nos of Bar'!$E$7
Name framesystem: [1]Sheet3!$B$39:$B$45
Name L: 'Calculate Nos of Bar'!$E$5
Name SpacingofBar: 'Calculate Nos of Bar'!$E$8

Sheet Video & Instruction 
B14: qLearnify is an educational platform dedicated to the professional development of engineers and architects.
C17: Website: | E17: https://qlearnify.com/
C18: Facebook: | E18: https://www.facebook.com/qlearnify
C19: Youtube (Bangla): | E19: https://www.youtube.com/@qlearnify-bn
C20: Youtube (English): | E20: https://www.youtube.com/@qlearnify-en
C21: WhatsApp: | E21: https://wa.me/8801511250108
C22: LinkedIn: | E22: https://www.linkedin.com/company/qlearnify/
B24: Note: This Excel sheet has been created for educational purposes; please validate it according to your own standards before using it for professional work.
A34: Bangla: | B34: https://youtube.com/playlist?list=PLxle8F-wJI7P43K0GljphED4I5TRXu6Zx&si=el-Lrxm5mB1Vmgcf
A36: English: | B36: https://youtube.com/playlist?list=PLTscI_CLWNfB_1x6_7zylwLZWo7mKypCq&si=QzFh_rJa61GU0YNW

Sheet Data Sheet
E6: =(2*'Data Sheet'!G26+2*'Data Sheet'!G27)*(('Data Sheet'!N21+'Data Sheet'!N22)/12) -> 25 | M6: GROUND LEVEL
N10: 3 | O10: ft
O13: Φ
N15: Reinforcement | S15: Do you have Top Rebar? | V15: Yes | Y15: Yes
N16: 15 | O16: 12 | S16: (long) L - Rebar | U16: 12 | V16: 16 | Y16: No
N17: 10 | O17: 16 | S17: (Short) B - Rebar | U17: 15 | V17: 20
P19: Ratio | T19: Aggrigate Types= | V19: Brick | X19: Stone
P20: C | Q20: S | R20: K/S | X20: Brick
N21: 12 | O21: in RCC | P21: 1 | Q21: 1.5 | R21: 3
N22: 3 | O22: in CS | P22: 1 | Q22: 3 | R22: 6
N23: 3 | O23: in BS | P23: 1 | Q23: 5
H25: L
D26: Length, L= | G26: 6 | H26: ft
D27: Width, B= | G27: 4 | H27: ft
D28: Side soil Cutting= | G28: 12 | H28: in
D29: Side Clear Cover= | G29: 3 | H29: in

Sheet Calculation
T4: 1.5
B6: Total Shuttering Work= | E6: =(2*'Data Sheet'!G26+2*'Data Sheet'!G27)*(('Data Sheet'!N21+'Data Sheet'!N22)/12) -> 25 | F6: sq.ft | L6: Concrete Work | T6: CC Work | AB6: Brick Work
B7: Total Earthwork Volume= | E7: =(('Data Sheet'!N10+('Data Sheet'!N21/12)+('Data Sheet'!N22/12)+('Data Sheet'!N23/12))*(('Data Sheet'!G26+('Data Sheet'!G28/12))*('Data Sheet'!G27+('Data Sheet'!G28/12)))) -> 157.5 | F7: cft | G7: ='Data Sheet'!V15 -> Yes | O7: Cement | P7: Sand | Q7: Khoa/Stone | W7: Cement | X7: Sand | Y7: Khoa/Stone | AF7: Cement | AG7: Sand
B8: Total Footing Concrete Volume= | E8: =('Data Sheet'!N21/12)*('Data Sheet'!G26)*('Data Sheet'!G27) -> 24 | F8: cft | L8: Requred Ratio of Morter= | O8: ='Data Sheet'!P21 -> 1 | P8: ='Data Sheet'!Q21 -> 1.5 | Q8: ='Data Sheet'!R21 -> 3 | T8: Requred Ratio of Morter= | W8: ='Data Sheet'!P22 -> 1 | X8: ='Data Sheet'!Q22 -> 3 | Y8: ='Data Sheet'!R22 -> 6 | AB8: Enter the ratio of Morter Have to use = | AF8: ='Data Sheet'!P23 -> 1 | AG8: ='Data Sheet'!Q23 -> 5
B9: Total Footing CC Soling Volume= | E9: =('Data Sheet'!N22/12)*('Data Sheet'!G26)*('Data Sheet'!G27) -> 6 | F9: cft | AB9: Enter The total volume of Brick Work = | AF9: =E10 -> 6 | AG9: cft
B10: Total Footing Brick Soling Volume= | E10: =('Data Sheet'!N23/12)*('Data Sheet'!G26)*('Data Sheet'!G27) -> 6 | F10: cft | K10: Enter The Total wet Volume Of RCC= | O10: =E8 -> 24 | P10: cft | Q10: =O10*T4 -> 36 | S10: Enter The Total wet Volume Of RCC= | W10: =E9 -> 6 | X10: cft | Y10: =W10*T4 -> 9
B11: Top Reinforcement (L Direction)= | E11: =IF(G7="Yes",'Data Sheet'!U16*('Data Sheet'!G26-('Data Sheet'!G29*2/12)+(1.5*'Data Sheet'!V16/25.4)),0) -> 77.338583 | F11: ft | G11: =IF(G7="Yes",'Data Sheet'!V16,"0") -> 16 | H11: mm Bar | I11: =((G11^2)/533)*E11 -> 37.145736 | J11: kg | AC11: Total Bricks Need= | AF11: =AF9*12 -> 72 | AG11: Nos
B12: Top Reinforcement (B Direction)= | E12: =IF(G7="Yes",'Data Sheet'!U17*('Data Sheet'!G27-('Data Sheet'!G29*2/12)+(1.5*'Data Sheet'!V17/25.4)),0) -> 70.216535 | F12: ft | G12: =IF(G7="Yes",'Data Sheet'!V17,"0") -> 20 | H12: mm Bar | I12: =((G12^2)/533)*E12 -> 52.695336 | J12: kg | L12: Requirment Of Cement= | O12: =(Q10*O8/(SUM(O8:Q8))/1.25) -> 5.2363636 | P12: Bags | T12: Requirment Of Cement= | W12: =(Y10*W8/(SUM(W8:Y8))/1.25) -> 0.72 | X12: Bags | AC12: Requirment Of Cement = | AF12: =((AF9*0.35*AF8)/SUM(AF8:AG8))/1.25 -> 0.28 | AG12: Bags
B13: Bottom Reinforcement (L Direction)= | E13: ='Data Sheet'!N17*('Data Sheet'!G26-('Data Sheet'!G29*2/12)+(2*9*'Data Sheet'!O17/(25.4*12))) -> 64.448819 | F13: ft | G13: ='Data Sheet'!O16 -> 12 | H13: mm Bar | I13: =((G13^2)/533)*E13 -> 17.412064 | J13: kg | L13: Requirment Of Sand= | O13: =(Q10*P8/SUM(O8:Q8)) -> 9.8181818 | P13: cft | T13: Requirment Of Sand= | W13: =(Y10*X8/SUM(W8:Y8)) -> 2.7 | X13: cft | AC13: Requirment Of Sand = | AF13: =((AF9*0.35*AG8)/SUM(AF8:AG8)) -> 1.75 | AG13: cft
B14: Bottom Reinforcement (B Direction)= | E14: ='Data Sheet'!N16*(('Data Sheet'!G27-('Data Sheet'!G29*2/12))+(2*9*'Data Sheet'!O16/(25.4*12))) -> 63.129921 | F14: ft | G14: ='Data Sheet'!O17 -> 16 | H14: mm Bar | I14: =((G14^2)/533)*E14 -> 30.321313 | J14: kg | L14: Requriment Of Khoa= | O14: =Q10*Q8/(SUM(O8:Q8)) -> 19.636364 | P14: cft | T14: Requriment Of Khoa= | W14: =Y10*Y8/(SUM(W8:Y8)) -> 5.4 | X14: cft

Sheet Estimating
B2: Inovative Engineering & Construction Consaltant | I2: ='Data Sheet'!V19 -> Brick
B3: Project: | C3: Proposed B+G+4 Storey Building.
B4: Location: | C4: Matidhali, Bogura Sadar, Bagura.
B5: Estimator: | C5: Engr Hedaetullah
B6: Desinger: | C6: Engr Hedaetullah
B7: Contract Us: | C7: 8801763603339
B8: Total Foundation Cost
B10: Sr. No. | C10: Material List | E10: Quantity | F10: Aprx. Prices | G10: Toral
B11: 1 | C11: Cement | E11: =Calculation!O12+Calculation!W12+Calculation!AF12 -> 6.2363636 | F11: 500 | G11: =(E11*F11) -> 3118.1818
B12: 2 | C12: Sand (Coarse) | E12: =Calculation!O13+Calculation!W13 -> 12.518182 | F12: 35 | G12: =(E12*F12) -> 438.13636
B13: 3 | C13: Sand (Local) | E13: =Calculation!AF13 -> 1.75 | F13: 15 | G13: =(E13*F13) -> 26.25
B14: 5 | C14: Stone chips | E14: =IF(I2="Stone",(Calculation!O14+Calculation!W14),0) -> 0 | F14: 171 | G14: =(E14*F14) -> 0
B15: 6 | C15: Brick chips | E15: =IF(I2="Brick",(Calculation!O14+Calculation!W14),0) -> 25.036364 | F15: 90 | G15: =(E15*F15) -> 2253.2727
B16: 7 | C16: Used Steel Bar | D16: =Calculation!G11 -> 16 | E16: =Calculation!I11/1000 -> 0.037145736 | F16: 96000 | G16: =(E16*F16) -> 3565.9906
B17: 8 | D17: =Calculation!G12 -> 20 | E17: =Calculation!I12/1000 -> 0.052695336 | F17: 96000 | G17: =(E17*F17) -> 5058.7523
D18: =Calculation!G13 -> 12 | E18: =Calculation!I13/1000 -> 0.017412064 | F18: 96000 | G18: =(E18*F18) -> 1671.5581
B19: 9 | D19: =Calculation!G14 -> 16 | E19: =Calculation!I14/1000 -> 0.030321313 | F19: 96000 | G19: =(E19*F19) -> 2910.8461
B20: 10 | C20: Bricks | D20: =Calculation!AF11 -> 72 | F20: 10 | G20: =(D20*F20) -> 720
C21: Shuttering Work | E21: =Calculation!E6 -> 25 | F21: 15 | G21: =(E21*F21) -> 375
B22: 11 | C22: Earthwork | E22: =Calculation!E7 -> 157.5 | F22: 5 | G22: =(E22*F22) -> 787.5
F23: Total cost | G23: =SUM(G11:G22) -> 20925.488

Sheet Calculate Nos of Bar
D5: L/B= | E5: 4 | F5: ft | I5: Nos of bar= | L5: =((L*12)-(CC*2)-(DiaofBar/25.4)+SpacingofBar)/SpacingofBar -> 9.2740157
D6: CC= | E6: 3 | F6: in
D7: Dia of bar= | E7: 16 | F7: mm
D8: Spacing of bar= | E8: 5 | F8: in
